slot_start_dt,slot_end_dt,dock_id,po_id,item_id,quantity
2018-08-01T00:00:00,2018-08-01T01:00:00,5,195693,10003077,233
2018-08-01T01:00:00,2018-08-01T02:00:00,5,195693,10003077,236
2018-08-01T02:00:00,2018-08-01T03:00:00,5,195693,10003077,180
2018-08-01T03:00:00,2018-08-01T04:00:00,5,195693,10003077,148
2018-08-01T04:00:00,2018-08-01T05:00:00,5,195693,10003077,181
2018-08-01T05:00:00,2018-08-01T06:00:00,5,195693,10003077,197
2018-08-01T06:00:00,2018-08-01T07:00:00,5,195693,10003077,186
2018-08-01T07:00:00,2018-08-01T08:00:00,5,195693,10003077,197
2018-08-01T08:00:00,2018-08-01T09:00:00,5,195693,10003077,176
2018-08-01T09:00:00,2018-08-01T10:00:00,5,195693,10003077,140
2018-08-01T10:00:00,2018-08-01T11:00:00,5,195693,10003077,226
2018-08-01T11:00:00,2018-08-01T12:00:00,5,195693,10003077,190
2018-08-01T12:00:00,2018-08-01T13:00:00,5,195693,10003077,155
2018-08-01T13:00:00,2018-08-01T14:00:00,5,195693,10003077,199
2018-08-01T14:00:00,2018-08-01T15:00:00,5,195693,10003077,229
2018-08-01T15:00:00,2018-08-01T16:00:00,5,195693,10003077,222
2018-08-01T16:00:00,2018-08-01T17:00:00,5,195693,10003077,148
2018-08-01T17:00:00,2018-08-01T18:00:00,5,195693,10003077,193
2018-08-01T18:00:00,2018-08-01T19:00:00,5,195693,10003077,177
2018-08-01T19:00:00,2018-08-01T20:00:00,5,195693,10003077,183
2018-08-01T20:00:00,2018-08-01T21:00:00,5,195693,10003077,169
2018-08-01T21:00:00,2018-08-01T22:00:00,5,195693,10003077,234
2018-08-01T22:00:00,2018-08-01T23:00:00,5,195693,10003077,144
2018-08-01T23:00:00,2018-08-02T00:00:00,5,195693,10003077,226
2018-08-02T00:00:00,2018-08-02T01:00:00,5,195693,10003077,6
2018-08-01T00:00:00,2018-08-01T01:00:00,2,195687,10015876,210
2018-08-01T01:00:00,2018-08-01T02:00:00,2,195687,10015876,214
2018-08-01T02:00:00,2018-08-01T03:00:00,2,195687,10015876,159
2018-08-01T03:00:00,2018-08-01T04:00:00,2,195687,10015876,202
2018-08-01T04:00:00,2018-08-01T05:00:00,2,195687,10015876,139
2018-08-01T05:00:00,2018-08-01T06:00:00,2,195687,10015876,143
2018-08-01T06:00:00,2018-08-01T07:00:00,2,195687,10015876,141
2018-08-01T07:00:00,2018-08-01T08:00:00,2,195687,10015876,157
2018-08-01T08:00:00,2018-08-01T09:00:00,2,195687,10015876,197
2018-08-01T09:00:00,2018-08-01T10:00:00,2,195687,10015876,159
2018-08-01T10:00:00,2018-08-01T11:00:00,2,195687,10015876,229
2018-08-01T11:00:00,2018-08-01T12:00:00,2,195687,10015876,234
2018-08-01T12:00:00,2018-08-01T13:00:00,2,195687,10015876,226
2018-08-01T13:00:00,2018-08-01T14:00:00,2,195687,10015876,141
2018-08-01T14:00:00,2018-08-01T15:00:00,2,195687,10015876,150
2018-08-01T15:00:00,2018-08-01T16:00:00,2,195687,10015876,187
2018-08-01T16:00:00,2018-08-01T17:00:00,2,195687,10015876,208
2018-08-01T17:00:00,2018-08-01T18:00:00,2,195687,10015876,76
2018-08-01T00:00:00,2018-08-01T01:00:00,3,195687,10004847,207
2018-08-01T01:00:00,2018-08-01T02:00:00,3,195687,10004847,179
2018-08-01T02:00:00,2018-08-01T03:00:00,3,195687,10004847,144
2018-08-01T03:00:00,2018-08-01T04:00:00,3,195687,10004847,234
2018-08-01T04:00:00,2018-08-01T05:00:00,3,195687,10004847,193
2018-08-01T05:00:00,2018-08-01T06:00:00,3,195687,10004847,201
2018-08-01T06:00:00,2018-08-01T07:00:00,3,195687,10004847,170
2018-08-01T07:00:00,2018-08-01T08:00:00,3,195687,10004847,171
2018-08-01T08:00:00,2018-08-01T09:00:00,3,195687,10004847,183
2018-08-01T09:00:00,2018-08-01T10:00:00,3,195687,10004847,156
2018-08-01T10:00:00,2018-08-01T11:00:00,3,195687,10004847,195
2018-08-01T11:00:00,2018-08-01T12:00:00,3,195687,10004847,229
2018-08-01T12:00:00,2018-08-01T13:00:00,3,195687,10004847,219
2018-08-01T13:00:00,2018-08-01T14:00:00,3,195687,10004847,156
2018-08-01T00:00:00,2018-08-01T01:00:00,1,195704,10000565,183
2018-08-01T01:00:00,2018-08-01T02:00:00,1,195704,10000565,202
2018-08-01T02:00:00,2018-08-01T03:00:00,1,195704,10000565,199
2018-08-01T03:00:00,2018-08-01T04:00:00,1,195704,10000565,143
2018-08-01T04:00:00,2018-08-01T05:00:00,1,195704,10000565,207
2018-08-01T05:00:00,2018-08-01T06:00:00,1,195704,10000565,165
2018-08-01T06:00:00,2018-08-01T07:00:00,1,195704,10000565,190
2018-08-01T07:00:00,2018-08-01T08:00:00,1,195704,10000565,222
2018-08-01T08:00:00,2018-08-01T09:00:00,1,195704,10000565,153
2018-08-01T09:00:00,2018-08-01T10:00:00,1,195704,10000565,195
2018-08-01T10:00:00,2018-08-01T11:00:00,1,195704,10000565,125
2018-08-01T00:00:00,2018-08-01T01:00:00,4,195705,10027046,162
2018-08-01T01:00:00,2018-08-01T02:00:00,4,195705,10027046,212
2018-08-01T02:00:00,2018-08-01T03:00:00,4,195705,10027046,193
2018-08-01T03:00:00,2018-08-01T04:00:00,4,195705,10027046,139
2018-08-01T04:00:00,2018-08-01T05:00:00,4,195705,10027046,229
2018-08-01T05:00:00,2018-08-01T06:00:00,4,195705,10027046,232
2018-08-01T06:00:00,2018-08-01T07:00:00,4,195705,10027046,187
2018-08-01T07:00:00,2018-08-01T08:00:00,4,195705,10027046,158
2018-08-01T08:00:00,2018-08-01T09:00:00,4,195705,10027046,38
2018-08-01T08:00:00,2018-08-01T09:00:00,4,195698,10043163,175
2018-08-01T09:00:00,2018-08-01T10:00:00,4,195698,10043163,174
2018-08-01T10:00:00,2018-08-01T11:00:00,4,195698,10043163,232
2018-08-01T11:00:00,2018-08-01T12:00:00,4,195698,10043163,186
2018-08-01T12:00:00,2018-08-01T13:00:00,4,195698,10043163,177
2018-08-01T13:00:00,2018-08-01T14:00:00,4,195698,10043163,170
2018-08-01T14:00:00,2018-08-01T15:00:00,4,195698,10043163,217
2018-08-01T15:00:00,2018-08-01T16:00:00,4,195698,10043163,158
2018-08-01T16:00:00,2018-08-01T17:00:00,4,195698,10043163,11
2018-08-01T10:00:00,2018-08-01T11:00:00,1,195718,10000430,95
2018-08-01T11:00:00,2018-08-01T12:00:00,1,195718,10000430,158
2018-08-01T12:00:00,2018-08-01T13:00:00,1,195718,10000430,170
2018-08-01T13:00:00,2018-08-01T14:00:00,1,195718,10000430,214
2018-08-01T14:00:00,2018-08-01T15:00:00,1,195718,10000430,176
2018-08-01T15:00:00,2018-08-01T16:00:00,1,195718,10000430,173
2018-08-01T16:00:00,2018-08-01T17:00:00,1,195718,10000430,163
2018-08-01T17:00:00,2018-08-01T18:00:00,1,195718,10000430,168
2018-08-01T18:00:00,2018-08-01T19:00:00,1,195718,10000430,63
2018-08-01T13:00:00,2018-08-01T14:00:00,3,195693,10003674,17
2018-08-01T14:00:00,2018-08-01T15:00:00,3,195693,10003674,154
2018-08-01T15:00:00,2018-08-01T16:00:00,3,195693,10003674,175
2018-08-01T16:00:00,2018-08-01T17:00:00,3,195693,10003674,159
2018-08-01T17:00:00,2018-08-01T18:00:00,3,195693,10003674,139
2018-08-01T18:00:00,2018-08-01T19:00:00,3,195693,10003674,235
2018-08-01T19:00:00,2018-08-01T20:00:00,3,195693,10003674,218
2018-08-01T20:00:00,2018-08-01T21:00:00,3,195693,10003674,210
2018-08-01T21:00:00,2018-08-01T22:00:00,3,195693,10003674,18
2018-08-01T16:00:00,2018-08-01T17:00:00,4,195704,10005578,198
2018-08-01T17:00:00,2018-08-01T18:00:00,4,195704,10005578,232
2018-08-01T18:00:00,2018-08-01T19:00:00,4,195704,10005578,221
2018-08-01T19:00:00,2018-08-01T20:00:00,4,195704,10005578,152
2018-08-01T20:00:00,2018-08-01T21:00:00,4,195704,10005578,197
2018-08-01T21:00:00,2018-08-01T22:00:00,4,195704,10005578,175
2018-08-01T22:00:00,2018-08-01T23:00:00,4,195704,10005578,45
2018-08-01T17:00:00,2018-08-01T18:00:00,2,195704,10026287,130
2018-08-01T18:00:00,2018-08-01T19:00:00,2,195704,10026287,181
2018-08-01T19:00:00,2018-08-01T20:00:00,2,195704,10026287,178
2018-08-01T20:00:00,2018-08-01T21:00:00,2,195704,10026287,191
2018-08-01T21:00:00,2018-08-01T22:00:00,2,195704,10026287,180
2018-08-01T22:00:00,2018-08-01T23:00:00,2,195704,10026287,140
2018-08-01T18:00:00,2018-08-01T19:00:00,1,195696,10043163,106
2018-08-01T19:00:00,2018-08-01T20:00:00,1,195696,10043163,195
2018-08-01T20:00:00,2018-08-01T21:00:00,1,195696,10043163,199
2018-08-01T21:00:00,2018-08-01T22:00:00,1,195696,10043163,147
2018-08-01T22:00:00,2018-08-01T23:00:00,1,195696,10043163,234
2018-08-01T23:00:00,2018-08-02T00:00:00,1,195696,10043163,103
2018-08-01T21:00:00,2018-08-01T22:00:00,3,195715,10018840,194
2018-08-01T22:00:00,2018-08-01T23:00:00,3,195715,10018840,158
2018-08-01T23:00:00,2018-08-02T00:00:00,3,195715,10018840,202
2018-08-02T00:00:00,2018-08-02T01:00:00,3,195715,10018840,157
2018-08-02T01:00:00,2018-08-02T02:00:00,3,195715,10018840,159
2018-08-01T22:00:00,2018-08-01T23:00:00,4,195697,10043163,169
2018-08-01T23:00:00,2018-08-02T00:00:00,4,195697,10043163,202
2018-08-02T00:00:00,2018-08-02T01:00:00,4,195697,10043163,221
2018-08-02T01:00:00,2018-08-02T02:00:00,4,195697,10043163,185
2018-08-02T02:00:00,2018-08-02T03:00:00,4,195697,10043163,39
2018-08-01T22:00:00,2018-08-01T23:00:00,2,195708,10006118,19
2018-08-01T23:00:00,2018-08-02T00:00:00,2,195708,10006118,226
2018-08-02T00:00:00,2018-08-02T01:00:00,2,195708,10006118,229
2018-08-02T01:00:00,2018-08-02T02:00:00,2,195708,10006118,221
2018-08-02T02:00:00,2018-08-02T03:00:00,2,195708,10006118,115
2018-08-01T23:00:00,2018-08-02T00:00:00,1,195705,10003674,104
2018-08-02T00:00:00,2018-08-02T01:00:00,1,195705,10003674,149
2018-08-02T01:00:00,2018-08-02T02:00:00,1,195705,10003674,207
2018-08-02T02:00:00,2018-08-02T03:00:00,1,195705,10003674,146
2018-08-02T03:00:00,2018-08-02T04:00:00,1,195705,10003674,193
2018-08-02T04:00:00,2018-08-02T05:00:00,1,195705,10003674,1
2018-08-02T00:00:00,2018-08-02T01:00:00,5,195713,10004758,163
2018-08-02T01:00:00,2018-08-02T02:00:00,5,195713,10004758,220
2018-08-02T02:00:00,2018-08-02T03:00:00,5,195713,10004758,217
2018-08-02T03:00:00,2018-08-02T04:00:00,5,195713,10004758,174
2018-08-02T01:00:00,2018-08-02T02:00:00,3,195693,10027046,42
2018-08-02T02:00:00,2018-08-02T03:00:00,3,195693,10027046,185
2018-08-02T03:00:00,2018-08-02T04:00:00,3,195693,10027046,213
2018-08-02T04:00:00,2018-08-02T05:00:00,3,195693,10027046,236
2018-08-02T05:00:00,2018-08-02T06:00:00,3,195693,10027046,74
2018-08-02T02:00:00,2018-08-02T03:00:00,4,195688,10001746,138
2018-08-02T03:00:00,2018-08-02T04:00:00,4,195688,10001746,207
2018-08-02T04:00:00,2018-08-02T05:00:00,4,195688,10001746,214
2018-08-02T05:00:00,2018-08-02T06:00:00,4,195688,10001746,161
2018-08-02T02:00:00,2018-08-02T03:00:00,2,195708,10006132,26
2018-08-02T03:00:00,2018-08-02T04:00:00,2,195708,10006132,153
2018-08-02T04:00:00,2018-08-02T05:00:00,2,195708,10006132,211
2018-08-02T05:00:00,2018-08-02T06:00:00,2,195708,10006132,170
2018-08-02T06:00:00,2018-08-02T07:00:00,2,195708,10006132,120
2018-08-02T03:00:00,2018-08-02T04:00:00,5,195708,10004652,56
2018-08-02T04:00:00,2018-08-02T05:00:00,5,195708,10004652,209
2018-08-02T05:00:00,2018-08-02T06:00:00,5,195708,10004652,164
2018-08-02T06:00:00,2018-08-02T07:00:00,5,195708,10004652,149
2018-08-02T07:00:00,2018-08-02T08:00:00,5,195708,10004652,102
2018-08-02T04:00:00,2018-08-02T05:00:00,1,195710,10008625,226
2018-08-02T05:00:00,2018-08-02T06:00:00,1,195710,10008625,207
2018-08-02T06:00:00,2018-08-02T07:00:00,1,195710,10008625,179
2018-08-02T05:00:00,2018-08-02T06:00:00,3,195711,10010052,120
2018-08-02T06:00:00,2018-08-02T07:00:00,3,195711,10010052,178
2018-08-02T07:00:00,2018-08-02T08:00:00,3,195711,10010052,231
2018-08-02T08:00:00,2018-08-02T09:00:00,3,195711,10010052,71
2018-08-02T05:00:00,2018-08-02T06:00:00,4,195718,10000429,30
2018-08-02T06:00:00,2018-08-02T07:00:00,4,195718,10000429,228
2018-08-02T07:00:00,2018-08-02T08:00:00,4,195718,10000429,141
2018-08-02T08:00:00,2018-08-02T09:00:00,4,195718,10000429,194
2018-08-02T09:00:00,2018-08-02T10:00:00,4,195718,10000429,7
2018-08-02T06:00:00,2018-08-02T07:00:00,2,195699,10043163,54
2018-08-02T07:00:00,2018-08-02T08:00:00,2,195699,10043163,218
2018-08-02T08:00:00,2018-08-02T09:00:00,2,195699,10043163,179
2018-08-02T09:00:00,2018-08-02T10:00:00,2,195699,10043163,53
2018-08-02T06:00:00,2018-08-02T07:00:00,1,195704,10001810,20
2018-08-02T07:00:00,2018-08-02T08:00:00,1,195704,10001810,195
2018-08-02T08:00:00,2018-08-02T09:00:00,1,195704,10001810,229
2018-08-02T09:00:00,2018-08-02T10:00:00,1,195704,10001810,60
2018-08-02T07:00:00,2018-08-02T08:00:00,5,195704,10000587,105
2018-08-02T08:00:00,2018-08-02T09:00:00,5,195704,10000587,235
2018-08-02T09:00:00,2018-08-02T10:00:00,5,195704,10000587,108
2018-08-02T08:00:00,2018-08-02T09:00:00,3,195705,10000758,115
2018-08-02T09:00:00,2018-08-02T10:00:00,3,195705,10000758,209
2018-08-02T10:00:00,2018-08-02T11:00:00,3,195705,10000758,108
2018-08-02T09:00:00,2018-08-02T10:00:00,4,195689,10002062,228
2018-08-02T10:00:00,2018-08-02T11:00:00,4,195689,10002062,168
2018-08-02T09:00:00,2018-08-02T10:00:00,2,195708,10005224,182
2018-08-02T10:00:00,2018-08-02T11:00:00,2,195708,10005224,208
2018-08-02T09:00:00,2018-08-02T10:00:00,1,195695,10004483,93
2018-08-02T10:00:00,2018-08-02T11:00:00,1,195695,10004483,149
2018-08-02T11:00:00,2018-08-02T12:00:00,1,195695,10004483,138
2018-08-02T09:00:00,2018-08-02T10:00:00,5,195687,10008527,67
2018-08-02T10:00:00,2018-08-02T11:00:00,5,195687,10008527,154
2018-08-02T11:00:00,2018-08-02T12:00:00,5,195687,10008527,116
2018-08-02T10:00:00,2018-08-02T11:00:00,3,195705,10026381,105
2018-08-02T11:00:00,2018-08-02T12:00:00,3,195705,10026381,219
2018-08-02T10:00:00,2018-08-02T11:00:00,4,195704,10001587,43
2018-08-02T11:00:00,2018-08-02T12:00:00,4,195704,10001587,233
2018-08-02T12:00:00,2018-08-02T13:00:00,4,195704,10001587,44
2018-08-02T10:00:00,2018-08-02T11:00:00,2,195693,10005306,19
2018-08-02T11:00:00,2018-08-02T12:00:00,2,195693,10005306,181
2018-08-02T12:00:00,2018-08-02T13:00:00,2,195693,10005306,112
2018-08-02T11:00:00,2018-08-02T12:00:00,5,195718,10000432,66
2018-08-02T12:00:00,2018-08-02T13:00:00,5,195718,10000432,174
2018-08-02T13:00:00,2018-08-02T14:00:00,5,195718,10000432,60
2018-08-02T11:00:00,2018-08-02T12:00:00,1,195693,10004291,32
2018-08-02T12:00:00,2018-08-02T13:00:00,1,195693,10004291,184
2018-08-02T13:00:00,2018-08-02T14:00:00,1,195693,10004291,84
2018-08-02T11:00:00,2018-08-02T12:00:00,3,195705,10004291,9
2018-08-02T12:00:00,2018-08-02T13:00:00,3,195705,10004291,197
2018-08-02T13:00:00,2018-08-02T14:00:00,3,195705,10004291,94
2018-08-02T12:00:00,2018-08-02T13:00:00,4,195718,10000431,183
2018-08-02T13:00:00,2018-08-02T14:00:00,4,195718,10000431,117
2018-08-02T12:00:00,2018-08-02T13:00:00,2,195704,10000555,35
2018-08-02T13:00:00,2018-08-02T14:00:00,2,195704,10000555,170
2018-08-02T14:00:00,2018-08-02T15:00:00,2,195704,10000555,89
2018-08-02T13:00:00,2018-08-02T14:00:00,1,195693,10000760,152
2018-08-02T14:00:00,2018-08-02T15:00:00,1,195693,10000760,136
2018-08-02T13:00:00,2018-08-02T14:00:00,5,195705,10000760,97
2018-08-02T14:00:00,2018-08-02T15:00:00,5,195705,10000760,183
2018-08-02T15:00:00,2018-08-02T16:00:00,5,195705,10000760,8
2018-08-02T13:00:00,2018-08-02T14:00:00,3,195702,10000112,85
2018-08-02T14:00:00,2018-08-02T15:00:00,3,195702,10000112,171
2018-08-02T15:00:00,2018-08-02T16:00:00,3,195702,10000112,24
2018-08-02T13:00:00,2018-08-02T14:00:00,4,195704,10013658,30
2018-08-02T14:00:00,2018-08-02T15:00:00,4,195704,10013658,142
2018-08-02T15:00:00,2018-08-02T16:00:00,4,195704,10013658,98
2018-08-02T14:00:00,2018-08-02T15:00:00,2,195687,10037455,69
2018-08-02T15:00:00,2018-08-02T16:00:00,2,195687,10037455,184
2018-08-02T16:00:00,2018-08-02T17:00:00,2,195687,10037455,15
2018-08-02T14:00:00,2018-08-02T15:00:00,1,195713,10002779,43
2018-08-02T15:00:00,2018-08-02T16:00:00,1,195713,10002779,192
2018-08-02T16:00:00,2018-08-02T17:00:00,1,195713,10002779,29
2018-08-02T15:00:00,2018-08-02T16:00:00,3,195705,10005306,194
2018-08-02T16:00:00,2018-08-02T17:00:00,3,195705,10005306,58
2018-08-02T15:00:00,2018-08-02T16:00:00,5,195718,10002538,192
2018-08-02T16:00:00,2018-08-02T17:00:00,5,195718,10002538,60
2018-08-02T15:00:00,2018-08-02T16:00:00,4,195687,10037456,134
2018-08-02T16:00:00,2018-08-02T17:00:00,4,195687,10037456,117
2018-08-03T13:00:00,2018-08-03T14:00:00,2,195693,10001845,225
2018-08-03T16:00:00,2018-08-03T17:00:00,4,195687,10008672,220
2018-08-02T18:00:00,2018-08-02T19:00:00,1,195704,10000570,216
2018-08-02T17:00:00,2018-08-02T18:00:00,1,195705,10001845,210
2018-08-03T00:00:00,2018-08-03T01:00:00,2,195711,10002856,204
2018-08-03T22:00:00,2018-08-03T23:00:00,1,195693,10004590,204
2018-08-03T06:00:00,2018-08-03T07:00:00,1,195704,10020440,200
2018-08-03T05:00:00,2018-08-03T06:00:00,3,195693,10002051,180
2018-08-03T14:00:00,2018-08-03T15:00:00,5,195693,10026381,180
2018-08-03T03:00:00,2018-08-03T04:00:00,1,195690,10014819,180
2018-08-02T17:00:00,2018-08-02T18:00:00,5,195693,10029710,168
2018-08-03T10:00:00,2018-08-03T11:00:00,1,195716,10001085,168
2018-08-02T18:00:00,2018-08-02T19:00:00,5,195713,10032394,168
2018-08-03T12:00:00,2018-08-03T13:00:00,5,195704,10001588,160
2018-08-03T13:00:00,2018-08-03T14:00:00,5,195718,10000869,160
2018-08-03T02:00:00,2018-08-03T03:00:00,5,195718,10000440,150
2018-08-02T21:00:00,2018-08-02T22:00:00,2,195718,10001096,150
2018-08-03T07:00:00,2018-08-03T08:00:00,2,195693,10000758,144
2018-08-03T18:00:00,2018-08-03T19:00:00,3,195693,10001879,144
2018-08-03T20:00:00,2018-08-03T21:00:00,3,195713,10000212,144
2018-08-02T23:00:00,2018-08-03T00:00:00,1,195693,10000761,144
2018-08-02T20:00:00,2018-08-02T21:00:00,1,195702,10002396,140
2018-08-02T21:00:00,2018-08-02T22:00:00,3,195718,10002336,140
2018-08-02T18:00:00,2018-08-02T19:00:00,4,195693,10003856,135
2018-08-03T23:00:00,2018-08-04T00:00:00,5,195711,10005897,132
2018-08-03T23:00:00,2018-08-04T00:00:00,2,195693,10015302,128
2018-08-03T14:00:00,2018-08-03T15:00:00,4,195705,10003856,125
2018-08-02T16:00:00,2018-08-02T17:00:00,1,195713,10000207,120
2018-08-03T21:00:00,2018-08-03T22:00:00,4,195704,10025110,120
2018-08-03T05:00:00,2018-08-03T06:00:00,4,195718,10000433,120
2018-08-03T14:00:00,2018-08-03T15:00:00,3,195718,10007821,120
2018-08-03T20:00:00,2018-08-03T21:00:00,5,195690,10005673,120
2018-08-03T03:00:00,2018-08-03T04:00:00,5,195700,10008474,120
2018-08-02T19:00:00,2018-08-02T20:00:00,2,195703,10009221,110
2018-08-02T23:00:00,2018-08-03T00:00:00,4,195693,10001868,108
2018-08-03T04:00:00,2018-08-03T05:00:00,2,195705,10011518,108
2018-08-03T08:00:00,2018-08-03T09:00:00,3,195718,10000901,108
2018-08-02T16:00:00,2018-08-02T17:00:00,5,195693,10001869,100
2018-08-02T22:00:00,2018-08-02T23:00:00,2,195693,10010677,100
2018-08-03T01:00:00,2018-08-03T02:00:00,2,195693,10003451,96
2018-08-03T15:00:00,2018-08-03T16:00:00,4,195693,10005717,96
2018-08-03T12:00:00,2018-08-03T13:00:00,4,195718,10000434,96
2018-08-02T16:00:00,2018-08-02T17:00:00,3,195693,10003396,96
2018-08-03T02:00:00,2018-08-03T03:00:00,4,195693,10001881,96
2018-08-03T17:00:00,2018-08-03T18:00:00,5,195687,10004262,96
2018-08-03T07:00:00,2018-08-03T08:00:00,4,195693,10011072,96
2018-08-02T18:00:00,2018-08-02T19:00:00,2,195708,10000925,96
2018-08-03T23:00:00,2018-08-04T00:00:00,3,195693,10003394,96
2018-08-02T19:00:00,2018-08-02T20:00:00,5,195693,10002197,96
2018-08-03T08:00:00,2018-08-03T09:00:00,2,195693,10001177,96
2018-08-02T20:00:00,2018-08-02T21:00:00,2,195687,10003912,91
2018-08-02T21:00:00,2018-08-02T22:00:00,1,195700,10005088,90
2018-08-03T07:00:00,2018-08-03T08:00:00,3,195713,10012634,90
2018-08-03T00:00:00,2018-08-03T01:00:00,1,195718,10006188,90
2018-08-03T07:00:00,2018-08-03T08:00:00,1,195706,10013953,80
2018-08-03T07:00:00,2018-08-03T08:00:00,1,195718,10017332,80
2018-08-03T11:00:00,2018-08-03T12:00:00,3,195718,10039826,80
2018-08-03T11:00:00,2018-08-03T12:00:00,3,195693,10003071,72
2018-08-03T06:00:00,2018-08-03T07:00:00,4,195701,10013347,72
2018-08-03T06:00:00,2018-08-03T07:00:00,4,195705,10002877,72
2018-08-03T20:00:00,2018-08-03T21:00:00,1,195693,10011518,72
2018-08-03T20:00:00,2018-08-03T21:00:00,1,195705,10029710,72
2018-08-02T20:00:00,2018-08-02T21:00:00,3,195705,10010199,72
2018-08-02T20:00:00,2018-08-02T21:00:00,3,195713,10000213,72
2018-08-02T20:00:00,2018-08-02T21:00:00,4,195689,10001985,72
2018-08-02T20:00:00,2018-08-02T21:00:00,4,195693,10002877,72
2018-08-02T22:00:00,2018-08-02T23:00:00,4,195693,10008765,72
2018-08-03T00:00:00,2018-08-03T01:00:00,1,195687,10002528,70
2018-08-03T08:00:00,2018-08-03T09:00:00,2,195709,10026410,62
2018-08-02T18:00:00,2018-08-02T19:00:00,2,195704,10025000,60
2018-08-03T23:00:00,2018-08-04T00:00:00,3,195714,10002592,60
2018-08-02T19:00:00,2018-08-02T20:00:00,5,195717,10033691,60
2018-08-02T20:00:00,2018-08-02T21:00:00,2,195693,10001865,60
2018-08-02T21:00:00,2018-08-02T22:00:00,1,195712,10033366,60
2018-08-03T07:00:00,2018-08-03T08:00:00,3,195701,10012706,60
2018-08-02T22:00:00,2018-08-02T23:00:00,4,195705,10004590,60
2018-08-02T16:00:00,2018-08-02T17:00:00,4,195712,10040019,50
2018-08-03T01:00:00,2018-08-03T02:00:00,2,195712,10040034,50
2018-08-03T15:00:00,2018-08-03T16:00:00,4,195693,10003372,50
2018-08-02T22:00:00,2018-08-02T23:00:00,2,195711,10033214,48
2018-08-03T12:00:00,2018-08-03T13:00:00,4,195691,10033690,48
2018-08-02T16:00:00,2018-08-02T17:00:00,3,195693,10013999,48
2018-08-03T02:00:00,2018-08-03T03:00:00,4,195718,10006346,48
2018-08-03T17:00:00,2018-08-03T18:00:00,5,195718,10039821,48
2018-08-03T07:00:00,2018-08-03T08:00:00,4,195692,10003416,48
2018-08-02T22:00:00,2018-08-02T23:00:00,1,195718,10039818,48
2018-08-02T22:00:00,2018-08-02T23:00:00,1,195691,10033691,45
2018-08-02T23:00:00,2018-08-03T00:00:00,4,195705,10006218,40
2018-08-03T04:00:00,2018-08-03T05:00:00,2,195693,10006218,40
2018-08-03T08:00:00,2018-08-03T09:00:00,3,195709,10026407,40
2018-08-02T22:00:00,2018-08-02T23:00:00,1,195687,10002816,38
2018-08-02T19:00:00,2018-08-02T20:00:00,2,195689,10001993,36
2018-08-03T02:00:00,2018-08-03T03:00:00,1,195693,10002882,36
2018-08-03T02:00:00,2018-08-03T03:00:00,1,195689,10001989,36
2018-08-03T02:00:00,2018-08-03T03:00:00,1,195693,10002883,36
2018-08-03T02:00:00,2018-08-03T03:00:00,1,195694,10004701,36
2018-08-03T04:00:00,2018-08-03T05:00:00,5,195689,10001998,36
2018-08-03T04:00:00,2018-08-03T05:00:00,5,195689,10002063,36
2018-08-03T04:00:00,2018-08-03T05:00:00,5,195700,10005087,36
2018-08-03T04:00:00,2018-08-03T05:00:00,5,195693,10002200,36
2018-08-03T04:00:00,2018-08-03T05:00:00,1,195689,10024279,36
2018-08-03T04:00:00,2018-08-03T05:00:00,1,195689,10024282,36
2018-08-03T04:00:00,2018-08-03T05:00:00,1,195693,10016447,36
2018-08-03T04:00:00,2018-08-03T05:00:00,1,195689,10024274,36
2018-08-03T16:00:00,2018-08-03T17:00:00,3,195687,10019391,35
2018-08-03T16:00:00,2018-08-03T17:00:00,3,195703,10023223,34
2018-08-02T22:00:00,2018-08-02T23:00:00,4,195718,10039815,32
2018-08-02T22:00:00,2018-08-02T23:00:00,1,195718,10039819,32
2018-08-03T16:00:00,2018-08-03T17:00:00,3,195709,10038749,32
2018-08-03T16:00:00,2018-08-03T17:00:00,3,195687,10011016,30
2018-08-03T16:00:00,2018-08-03T17:00:00,3,195693,10003903,30
2018-08-03T02:00:00,2018-08-03T03:00:00,3,195700,10018838,30
2018-08-03T02:00:00,2018-08-03T03:00:00,3,195693,10001846,30
2018-08-03T02:00:00,2018-08-03T03:00:00,3,195700,10005059,28
2018-08-03T02:00:00,2018-08-03T03:00:00,3,195709,10000763,28
2018-08-03T03:00:00,2018-08-03T04:00:00,5,195693,10000757,25
2018-08-03T02:00:00,2018-08-03T03:00:00,3,195690,10026290,24
2018-08-03T02:00:00,2018-08-03T03:00:00,3,195706,10013956,24
2018-08-03T06:00:00,2018-08-03T07:00:00,5,195693,10025427,24
2018-08-03T06:00:00,2018-08-03T07:00:00,5,195693,10006923,24
2018-08-03T06:00:00,2018-08-03T07:00:00,5,195689,10024266,24
2018-08-03T06:00:00,2018-08-03T07:00:00,5,195693,10012329,24
2018-08-03T06:00:00,2018-08-03T07:00:00,5,195707,10017510,24
2018-08-03T06:00:00,2018-08-03T07:00:00,5,195687,10004405,24
2018-08-02T20:00:00,2018-08-02T21:00:00,3,195700,10015336,20
2018-08-02T20:00:00,2018-08-02T21:00:00,4,195693,10013084,20
2018-08-03T06:00:00,2018-08-03T07:00:00,4,195687,10001240,19
2018-08-03T20:00:00,2018-08-03T21:00:00,1,195694,10008738,18
2018-08-03T21:00:00,2018-08-03T22:00:00,4,195687,10010668,17
2018-08-03T02:00:00,2018-08-03T03:00:00,1,195703,10011251,16
2018-08-03T04:00:00,2018-08-03T05:00:00,1,195692,10025659,16
2018-08-03T04:00:00,2018-08-03T05:00:00,5,195687,10001959,15
2018-08-03T05:00:00,2018-08-03T06:00:00,4,195700,10005085,15
2018-08-03T14:00:00,2018-08-03T15:00:00,3,195700,10005505,15
2018-08-03T14:00:00,2018-08-03T15:00:00,4,195707,10017511,12
2018-08-03T20:00:00,2018-08-03T21:00:00,5,195704,10040518,12
2018-08-03T06:00:00,2018-08-03T07:00:00,5,195692,10025109,12
2018-08-03T06:00:00,2018-08-03T07:00:00,5,195709,10005708,12
2018-08-03T05:00:00,2018-08-03T06:00:00,5,195718,10003579,12
2018-08-03T05:00:00,2018-08-03T06:00:00,5,195707,10017507,12
2018-08-02T16:00:00,2018-08-02T17:00:00,3,195713,10027357,10
2018-08-03T02:00:00,2018-08-03T03:00:00,4,195700,10024585,10
2018-08-02T21:00:00,2018-08-02T22:00:00,1,195711,10000365,9
2018-08-03T07:00:00,2018-08-03T08:00:00,3,195687,10000984,9
2018-08-02T20:00:00,2018-08-02T21:00:00,2,195687,10002812,8
2018-08-03T04:00:00,2018-08-03T05:00:00,1,195687,10010466,6
2018-08-03T15:00:00,2018-08-03T16:00:00,4,195687,10010524,6
2018-08-03T23:00:00,2018-08-04T00:00:00,5,195687,10011019,6
2018-08-02T16:00:00,2018-08-02T17:00:00,5,195703,10010584,6
2018-08-03T04:00:00,2018-08-03T05:00:00,5,195687,10000888,6
2018-08-03T05:00:00,2018-08-03T06:00:00,4,195687,10043134,6
2018-08-03T14:00:00,2018-08-03T15:00:00,3,195687,10001230,6
